{
"update_ok":"确定",
"update_continue":"继续",
"update_retry":"重试",
"update_down":"下载",
"update_exit":"退出",
"update_install":"安装",
"update_setting":"设置",
"update_tip_title":"温馨提示",
"update_check_network_error":"系统检测到你当前没有网络连接无法继续游戏,请设置网络后重试!",
"update_check_sd_error":"SD卡不可用<br>请检查SD卡是否松动或者拔掉数据线后重试!",
"update_check_update_error":"请求更新数据失败,请重试!",
"update_get_info_fail_tip":"获取更新信息失败,请检查网络后重试！",
"update_get_info": "正在联网请求更新数据…",
"update_get_info_success":"更新数据请求成功…",
"update_get_info_fail":"更新数据请求失败…",
"update_res_wifi_warning":"即将下载<size>M更新包,检测到您当前正在使用手机网络,是否继续下载？",
"update_app_wifi_warning":"即将下载<size>M新版本安装包,检测到您当前正在使用手机网络,是否继续下载？",
"update_app_from_store":"检测到游戏有新版本<ver>,请前往应用中心下载更新!",
"update_progress_down_update":"正在下载游戏更新包,请稍候…",
"update_down_error":"下载更新失败,请检查网络或退出重试！",
"update_unzip":"正在解压更新包,请稍后…",
"update_so_restart":"重启后完成更新,即将自动重启…",
"update_unzip_error":"解压游戏资源出现了一些问题,请检查是否存储空间已满后重试!",
"update_downapk_sderror":"SD卡不可用,无法下载安装包,请检查SD卡是否松动或者拔掉数据线后重试!",
"update_install_new":"新版本安装包已下载完成,请安装!"
}